{"train/epoch":41,"_timestamp":1.773208776617294e+09,"ood_mae":43.07702480404291,"_wandb":{"runtime":54},"_runtime":54,"_step":42,"train/loss":217.73882039388022}