{"_step":38,"ood_mae":15.884131084983498,"_wandb":{"runtime":75},"_runtime":75,"train/loss":2.298336671931403,"train/epoch":37,"_timestamp":1.77320941833044e+09}