{"ood_mae":16.241753727213542,"_wandb":{"runtime":78},"_runtime":78,"_timestamp":1.7731223659260852e+09,"_step":0}