{"_step":0,"_runtime":23,"_wandb":{"runtime":23},"ood_mae":18.132786547851563,"_timestamp":1.7731228958947709e+09}