{"_step":100,"train/loss":78.9062757946196,"train/epoch":99,"_timestamp":1.773208414110677e+09,"ood_mae":34.3004425632993,"_wandb":{"runtime":65},"_runtime":65}