{"_wandb":{"runtime":38},"_runtime":38,"ood_mae":23.027247819010416,"_timestamp":1.773122472152704e+09,"_step":0}