{"_timestamp":1.773122385922983e+09,"_wandb":{"runtime":14},"_runtime":14,"_step":0,"ood_mae":22.708182975260417}