{"train/epoch":99,"_timestamp":1.7732085592189288e+09,"_step":100,"train/loss":25.638408191620357,"ood_mae":31.401735944590552,"_runtime":93,"_wandb":{"runtime":93}}