{"_timestamp":1.773122868025561e+09,"_step":0,"ood_mae":18.275584016927084,"_wandb":{"runtime":51},"_runtime":51}