{"ood_mae":14.803394167053424,"_runtime":127,"_wandb":{"runtime":127},"train/loss":1.1737475844602736,"train/epoch":60,"_timestamp":1.773209336959875e+09,"_step":61}