{"ood_mae":31.527352790454827,"_wandb":{"runtime":71},"_runtime":71,"_step":100,"train/loss":59.452594030471076,"train/epoch":99,"_timestamp":1.773208636851583e+09}