{"_timestamp":1.773209203999016e+09,"_step":18,"ood_mae":41.51292772148309,"_wandb":{"runtime":30},"_runtime":30,"train/loss":246.97129845997645,"train/epoch":17}