{"train/epoch":42,"ood_mae":15.963151077925176,"_wandb":{"runtime":74},"_runtime":74,"_timestamp":1.773208855467519e+09,"_step":43,"train/loss":4.0519142217106285}