{"_runtime":19,"_step":0,"ood_mae":17.961128776041665,"_timestamp":1.773122283983104e+09,"_wandb":{"runtime":19}}