{"_timestamp":1.7732091658880699e+09,"_step":46,"train/loss":9.392756064611308e+22,"ood_mae":25.36400221418626,"_wandb":{"runtime":52},"_runtime":52,"train/epoch":45}