{"train/epoch":99,"_timestamp":1.773209011997185e+09,"ood_mae":31.892223532900164,"_wandb":{"runtime":108},"_runtime":108,"_step":100,"train/loss":26.36921296800886}