{"_timestamp":1.773122430195938e+09,"_step":0,"_runtime":38,"_wandb":{"runtime":38},"ood_mae":23.03309415690104}