{"train/loss":31.588872425139897,"train/epoch":36,"_timestamp":1.7731231939267552e+09,"ood_mae":22.984557438151043,"_wandb":{"runtime":14},"_runtime":14,"_step":37}