{"_wandb":{"runtime":42},"_runtime":42,"ood_mae":21.55075927734375,"_timestamp":1.773122942353504e+09,"_step":0}