{"_runtime":33,"_wandb":{"runtime":33},"train/loss":44.4859487745497,"train/epoch":20,"_timestamp":1.773209457897121e+09,"_step":21,"ood_mae":25.117301480636346}