{"train/epoch":99,"_timestamp":1.7732091071239512e+09,"ood_mae":24.897962191238655,"_wandb":{"runtime":89},"_runtime":89,"_step":100,"train/loss":18.076185680571058}