{"ood_mae":19.25498115363294,"_wandb":{"runtime":73},"_runtime":73,"train/loss":1.4388592020859794,"train/epoch":50,"_timestamp":1.773208715235082e+09,"_step":51}