eval_size,metric_value
10,0.3992815147240957
20,3.6325992635091144
50,16.10858155110677
100,33.52279415690104
