{"_step":37,"train/loss":654.3538677881635,"train/epoch":36,"ood_mae":29.86626211839934,"_runtime":41,"_wandb":{"runtime":41},"_timestamp":1.773208460720405e+09}