{"_timestamp":1.773123243698909e+09,"ood_mae":21.06958035481771,"_wandb":{"runtime":45},"_runtime":45,"_step":100,"train/loss":15.395767438979377,"train/epoch":99}