{"_timestamp":1.77312275311276e+09,"_step":0,"_wandb":{"runtime":27},"_runtime":27,"ood_mae":20.1533220703125}