{"_runtime":37,"_step":67,"train/loss":46.028871445428756,"train/epoch":66,"_timestamp":1.773208898443882e+09,"ood_mae":32.51411279458024,"_wandb":{"runtime":37}}