{"ood_mae":18.429637052408854,"_timestamp":1.773122812514356e+09,"_step":0,"_runtime":55,"_wandb":{"runtime":55}}